01/04/2016,Friday
02/04/2016,Saturday
03/04/2016,Sunday
04/04/2016,Monday
05/04/2016,Tuesday
06/04/2016,Wednesday
07/04/2016,Thursday
08/04/2016,Friday
09/04/2016,Saturday
10/04/2016,Sunday
11/04/2016,Monday
12/04/2016,Tuesday
13/04/2016,Wednesday
14/04/2016,Thursday
15/04/2016,Friday
16/04/2016,Saturday
17/04/2016,Sunday
18/04/2016,Monday
19/04/2016,Tuesday
20/04/2016,Wednesday
21/04/2016,Thursday
22/04/2016,Friday
23/04/2016,Saturday
24/04/2016,Sunday
25/04/2016,Monday
26/04/2016,Tuesday
27/04/2016,Wednesday
28/04/2016,Thursday
29/04/2016,Friday
30/04/2016,Saturday
01/05/2016,Sunday
02/05/2016,Monday
03/05/2016,Tuesday
04/05/2016,Wednesday
05/05/2016,Thursday
06/05/2016,Friday
07/05/2016,Saturday
08/05/2016,Sunday
09/05/2016,Monday
10/05/2016,Tuesday
11/05/2016,Wednesday
12/05/2016,Thursday
13/05/2016,Friday
14/05/2016,Saturday
15/05/2016,Sunday
16/05/2016,Monday
17/05/2016,Tuesday
18/05/2016,Wednesday
19/05/2016,Thursday
20/05/2016,Friday
21/05/2016,Saturday
22/05/2016,Sunday
23/05/2016,Monday
24/05/2016,Tuesday
25/05/2016,Wednesday
26/05/2016,Thursday
27/05/2016,Friday
28/05/2016,Saturday
29/05/2016,Sunday
30/05/2016,Monday
31/05/2016,Tuesday
